City_ID,City,Lat,Lng,Max Temp,Humidity,Cloudiness,Wind Speed,Country,Date
0,east london,-33.0153,27.9116,62.67,88,100,4.09,ZA,1731267352
1,jamestown,42.097,-79.2353,49.01,95,100,12.66,US,1731267173
2,bilibino,68.0546,166.4372,-0.11,98,100,1.01,RU,1731267397
3,waitangi,-43.9535,-176.5597,57.81,97,100,8.99,NZ,1731267398
4,bethel,41.3712,-73.414,57.9,45,0,8.05,US,1731267399
5,klyuchi,52.2667,79.1667,32.25,92,100,17.72,RU,1731267400
6,queenstown,-31.8976,26.8753,55.06,93,100,5.48,ZA,1731267402
7,port-aux-francais,-49.35,70.2167,39.96,84,58,21.92,TF,1731267403
8,mejit,10.2753,170.8646,82.96,76,2,19.33,MH,1731267405
9,kudahuvadhoo,2.6708,72.8944,82.56,76,100,12.39,MV,1731267406
10,remire-montjoly,4.9167,-52.2667,78.84,94,75,3.44,GF,1731267407
11,wailua homesteads,22.0669,-159.378,75.99,90,75,14.97,US,1731267408
12,bonthe,7.5264,-12.505,80.71,81,31,5.57,SL,1731267409
13,necochea,-38.5473,-58.7368,56.97,91,100,17.65,AR,1731267410
14,adamstown,-25.066,-130.1015,71.71,81,100,13.82,PN,1731267411
15,geraldton,-28.7667,114.6,59.41,82,0,12.66,AU,1731267335
16,grytviken,-54.2811,-36.5092,32.22,77,42,3.42,GS,1731267270
17,qamdo,31.1667,97.2333,28.98,52,0,4.36,CN,1731267414
18,yellowknife,62.456,-114.3525,14.52,85,75,8.05,CA,1731267416
19,albany,42.6001,-73.9662,54.01,41,100,3.0,US,1731267159
20,georgetown,5.4112,100.3354,80.55,84,40,6.91,MY,1731267252
21,invercargill,-46.4,168.35,51.03,68,90,14.0,NZ,1731267183
22,west island,-12.1568,96.8225,80.58,83,100,16.11,CC,1731267421
23,margaret river,-33.95,115.0667,48.9,90,75,6.29,AU,1731267422
24,sisimiut,66.9395,-53.6735,20.62,82,100,10.02,GL,1731267423
25,puerto ayora,-0.7393,-90.3518,75.54,77,75,7.0,EC,1731267301
26,tommot,58.9564,126.2925,12.11,96,99,4.41,RU,1731267425
27,blackmans bay,-43.0167,147.3167,44.53,90,3,1.79,AU,1731267426
28,tiksi,71.6872,128.8694,-3.21,100,82,3.38,RU,1731267427
29,udachny,66.4167,112.4,-0.42,98,85,4.32,RU,1731267428
30,broken hill,-31.95,141.4333,71.15,37,100,8.77,AU,1731267430
31,krasnogvardeyskoye,45.8456,41.5186,42.51,78,12,6.69,RU,1731267431
32,nar'yan-mar,67.6713,53.087,17.73,91,32,7.52,RU,1731267432
33,olonkinbyen,70.9221,-8.7187,34.95,99,100,22.1,SJ,1731267433
34,papatowai,-46.5619,169.4708,47.34,69,94,16.53,NZ,1731267434
35,berezovyy,51.6667,135.7,24.89,58,32,7.47,RU,1731267435
36,whitehorse,60.7161,-135.0538,29.17,74,75,11.5,CA,1731267436
37,thompson,55.7435,-97.8558,30.36,74,100,3.44,CA,1731267164
38,qaqortoq,60.7167,-46.0333,27.84,86,100,8.93,GL,1731267438
39,nehe,48.4833,124.8333,24.04,47,80,3.65,CN,1731267439
40,bredasdorp,-34.5322,20.0403,60.57,73,97,7.56,ZA,1731267440
41,ribeira grande,38.5167,-28.7,68.77,83,40,18.41,PT,1731267441
42,stanley,54.868,-1.6985,46.53,87,0,6.91,GB,1731267442
43,hithadhoo,-0.6,73.0833,82.42,73,92,13.29,MV,1731267443
44,edinburgh of the seven seas,-37.0676,-12.3116,60.44,88,100,29.95,SH,1731267444
45,afaahiti,-17.75,-149.2833,76.24,86,100,16.42,PF,1731267445
46,iskateley,67.6803,53.1512,16.52,91,18,7.07,RU,1731267446
47,hamilton,39.1834,-84.5333,62.78,95,100,11.5,US,1731267447
48,portland,45.5234,-122.6762,56.71,80,75,5.75,US,1731267449
49,college,64.8569,-147.8028,-2.22,78,20,0.0,US,1731267450
50,badger,64.8,-147.5333,-2.29,78,0,0.0,US,1731267451
51,utrik,11.2278,169.8474,82.99,76,0,20.8,MH,1731267452
52,acarau,-2.8856,-40.12,80.83,72,77,19.62,BR,1731267453
53,lautoka,-17.6167,177.4667,76.86,78,40,6.91,FJ,1731267454
54,dudinka,69.4058,86.1778,-9.54,96,88,7.67,RU,1731267455
55,coruripe,-10.1256,-36.1756,78.51,75,25,19.57,BR,1731267456
56,dobrush,52.4089,31.3237,35.76,79,100,3.33,BY,1731267457
57,keflavik,64.0049,-22.5624,43.23,87,75,25.32,IS,1731267458
58,greenville,35.6127,-77.3663,72.14,64,40,9.22,US,1731267349
59,juan griego,11.0817,-63.9655,93.33,55,83,10.36,VE,1731267460
60,holualoa,19.6228,-155.9522,77.83,75,0,8.05,US,1731267195
61,iqaluit,63.7506,-68.5145,24.53,68,75,10.36,CA,1731267462
62,biltine,14.5333,20.9167,80.64,22,51,8.37,TD,1731267463
63,mohpa,21.3167,78.8167,68.68,60,0,2.71,IN,1731267464
64,ilulissat,69.2167,-51.1,24.82,74,75,10.36,GL,1731267466
65,basco,20.4487,121.9702,79.65,89,99,23.44,PH,1731267467
66,fortuna,40.5982,-124.1573,69.93,40,0,12.66,US,1731267468
67,muisne,0.6,-80.0333,75.54,79,100,10.22,EC,1731267469
68,enewetak,11.3474,162.3373,82.76,72,78,22.84,MH,1731267471
69,cannonvale,-20.2833,148.7,76.39,68,100,9.28,AU,1731267472
70,port mathurin,-19.6833,63.4167,76.06,81,94,18.03,MU,1731267474
71,aykhal,66.0,111.5,4.6,97,100,6.67,RU,1731267475
72,ribadeo,43.5325,-7.0991,56.53,99,100,1.77,ES,1731267477
73,taro,-8.3862,115.28,66.88,99,10,0.67,ID,1731267478
74,aleg,17.0481,-13.9209,87.82,11,10,9.73,MR,1731267479
75,crane,31.3974,-102.3501,73.72,13,0,8.14,US,1731267480
76,arraial do cabo,-22.9661,-42.0278,76.96,73,20,14.97,BR,1731267214
77,colonia,50.9333,6.95,50.97,88,100,2.3,DE,1731267363
78,puerto natales,-51.7236,-72.4875,52.25,58,75,24.16,CL,1731267483
79,beau vallon,-20.4189,57.6953,77.23,88,75,5.75,MU,1731267484
80,egilsstadir,65.2653,-14.3948,48.11,49,75,10.36,IS,1731267485
81,rawai,7.7797,98.3253,80.78,76,68,7.23,TH,1731267486
82,ushuaia,-54.8,-68.3,47.86,71,75,17.27,AR,1731267460
83,port lincoln,-34.7333,135.8667,59.68,89,66,12.1,AU,1731267488
84,haiku-pauwela,20.9219,-156.3051,78.82,65,40,21.0,US,1731267194
85,nova xavantina,-14.6667,-52.35,82.89,71,32,5.41,BR,1731267490
86,ust'-barguzin,53.45,108.9833,15.26,86,27,5.3,RU,1731267491
87,kailua-kona,19.6406,-155.9956,81.55,73,0,8.05,US,1731267284
88,dax,43.75,-1.1667,56.3,98,42,0.0,FR,1731267493
89,bhinga,27.7167,81.9333,70.29,59,0,3.33,IN,1731267494
90,ixtapa,20.7,-105.2,85.23,58,20,10.36,MX,1731267495
91,sarupathar,26.1984,93.8094,65.91,92,0,1.79,IN,1731267497
92,taber,49.8167,-112.1518,37.4,93,100,3.44,CA,1731267498
93,sarmasu,46.75,24.1667,37.69,63,5,1.19,RO,1731267499
94,grand gaube,-20.0064,57.6608,77.38,87,100,14.65,MU,1731267500
95,gornopravdinsk,60.05,69.9,16.2,91,100,12.57,RU,1731267501
96,san salvador,13.6894,-89.1872,84.87,68,40,2.3,SV,1731267468
97,den burg,53.0542,4.7972,51.78,82,100,5.75,NL,1731267503
98,ust'-uda,54.1742,103.0304,21.11,78,67,3.44,RU,1731267504
99,weno,7.4515,151.8468,80.55,83,40,0.0,FM,1731267505
100,uturoa,-16.7333,-151.4333,81.0,81,100,13.49,PF,1731267506
101,cide,41.8921,33.0044,52.83,65,98,4.12,TR,1731267507
102,greymouth,-42.4667,171.2,49.17,94,100,5.35,NZ,1731267508
103,punta arenas,-53.15,-70.9167,53.71,35,40,31.07,CL,1731267455
104,kruisfontein,-34.0033,24.7314,55.47,86,14,1.63,ZA,1731267511
105,lensk,60.7253,114.9278,5.52,99,99,4.81,RU,1731267512
106,puerto aysen,-45.4,-72.7,45.12,99,99,5.01,CL,1731267513
107,san pedro pochutla,15.7333,-96.4667,90.72,61,14,5.75,MX,1731267514
108,port blair,11.6667,92.75,82.44,83,40,2.3,IN,1731267515
109,barra de santo antonio,-9.4047,-35.5072,78.55,77,8,16.98,BR,1731267516
110,rupea,46.0333,25.2167,35.73,82,64,4.29,RO,1731267517
111,amungan,15.3652,119.9582,78.91,91,100,6.06,PH,1731267518
112,hasaki,35.7333,140.8333,62.6,96,100,10.56,JP,1731267519
113,jacmel,18.2342,-72.5347,83.39,78,100,5.77,HT,1731267520
114,pisco,-13.7,-76.2167,73.45,64,0,9.22,PE,1731267522
115,arraias,-12.9288,-46.9437,75.58,83,98,3.09,BR,1731267523
116,la passe,45.5549,-0.8967,59.43,83,100,6.44,FR,1731267524
117,hirara,24.8,125.2833,77.27,88,100,9.22,JP,1731267525
118,tucupita,9.0622,-62.051,93.07,44,87,7.27,VE,1731267526
119,ponta delgada,37.7333,-25.6667,68.72,83,75,12.66,PT,1731267527
120,port alfred,-33.5906,26.891,60.19,98,100,1.99,ZA,1731267528
121,sechura,-5.5569,-80.8222,76.39,59,100,14.99,PE,1731267529
122,calabozo,8.9242,-67.4293,85.89,65,100,1.41,VE,1731267360
123,nadym,65.5333,72.5167,11.53,93,100,24.56,RU,1731267532
124,napili-honokowai,20.9708,-156.6705,79.95,83,4,16.33,US,1731267533
125,kyabe,9.4515,18.9449,80.46,32,85,1.43,TD,1731267534
126,khandud,36.9513,72.318,32.34,86,57,4.85,AF,1731267535
127,gadzhiyevo,69.2551,33.3362,36.61,83,98,9.46,RU,1731267536
128,arkhangel'sk,64.5401,40.5433,35.71,100,75,6.71,RU,1731267301
129,kletnya,53.3897,33.2171,35.94,89,33,2.86,RU,1731267539
130,labuan,5.2767,115.2417,77.36,100,40,1.14,MY,1731267540
131,midvagur,62.0511,-7.1939,49.03,81,100,20.71,FO,1731267541
132,meadow lakes,61.6247,-149.6011,36.52,66,100,4.61,US,1731267542
133,cidreira,-30.1811,-50.2056,70.36,68,0,17.92,BR,1731267544
134,cozumel,20.5083,-86.9458,86.07,74,40,4.61,MX,1731267393
135,aasiaat,68.7098,-52.8699,15.13,97,94,3.38,GL,1731267546
136,skeldon,5.8833,-57.1333,85.41,66,62,10.16,GY,1731267547
137,priargunsk,50.3691,119.1012,22.12,71,100,5.17,RU,1731267548
138,port pirie,-33.1833,138.0167,68.65,52,73,6.11,AU,1731267549
139,vila velha,-20.3297,-40.2925,78.75,71,20,16.11,BR,1731267258
140,namibe,-15.1961,12.1522,70.16,70,87,7.76,AO,1731267551
141,mount gambier,-37.8333,140.7667,45.97,90,12,5.35,AU,1731267552
142,el nido,11.1858,119.3956,79.14,96,89,6.4,PH,1731267553
143,derzhavinsk,51.1,66.3167,32.47,97,100,17.56,KZ,1731267554
144,kingston,17.997,-76.7936,87.17,70,20,18.41,JM,1731267365
145,sultanpur,26.2667,82.0667,74.28,52,0,1.81,IN,1731267556
146,dunedin,-45.8742,170.5036,51.8,70,75,15.99,NZ,1731267557
147,bengkulu,-3.8004,102.2655,76.08,92,91,4.52,ID,1731267558
148,hawaiian paradise park,19.5933,-154.9731,77.9,84,100,4.61,US,1731267534
149,dzhalagash,45.0833,64.6667,43.68,82,100,14.92,KZ,1731267560
150,ust'-ilimsk,58.0006,102.6619,14.09,91,54,4.5,RU,1731267561
151,sitka,57.0531,-135.33,48.09,53,75,23.02,US,1731267562
152,vila franca do campo,37.7167,-25.4333,68.41,99,91,11.1,PT,1731267563
153,anadyr,64.75,177.4833,23.5,86,75,6.71,RU,1731267564
154,susuman,62.7833,148.1667,-31.09,99,98,0.4,RU,1731267565
155,ola,59.5833,151.2833,12.78,65,100,16.24,RU,1731267566
156,krivosheino,57.3431,83.9261,32.67,92,100,16.17,RU,1731267567
157,badou,7.5833,0.6,79.07,67,83,3.27,TG,1731267568
158,dalai,45.5,124.3,32.4,33,60,5.88,CN,1731267569
159,kolonia,50.9333,6.95,50.97,88,100,2.3,DE,1731267345
160,pratt,37.6439,-98.7376,64.62,45,0,8.05,US,1731267571
161,kayes,14.0,-11.0,83.64,19,0,5.26,ML,1731267572
162,tongouson,5.0214,120.1328,81.66,81,66,2.64,PH,1731267573
163,nakamura,32.9833,132.9333,59.74,99,100,1.5,JP,1731267576
164,touros,-5.1989,-35.4608,78.93,72,100,13.24,BR,1731267577
165,kalmunai,7.4167,81.8167,76.68,88,50,9.75,LK,1731267578
166,vaijapur,19.9167,74.7333,72.34,47,0,7.85,IN,1731267579
167,mount pearl,47.5166,-52.7813,37.15,59,20,31.07,CA,1731267346
168,saipan,15.1355,145.701,83.1,88,0,14.97,MP,1731267581
169,chajari,-30.7505,-57.9796,86.38,29,0,8.23,AR,1731267582
170,kilindoni,-7.9139,39.6668,80.1,75,2,12.62,TZ,1731267583
171,tura,25.5198,90.2201,66.97,89,0,3.06,IN,1731267357
172,cabedelo,-6.9811,-34.8339,84.87,72,99,11.97,BR,1731267585
173,isafjordur,66.0755,-23.124,36.7,93,100,37.87,IS,1731267586
174,arue,-17.5167,-149.5,81.28,74,100,6.91,PF,1731267587
175,katsuura,35.1333,140.3,62.11,96,100,14.03,JP,1731267588
176,kone,-21.0595,164.8658,76.15,61,30,3.33,NC,1731267590
177,altania,-23.8744,-53.9017,87.69,39,0,8.7,BR,1731267591
178,tofol,5.3248,163.0078,83.93,77,99,20.04,FM,1731267592
179,tulun,54.5611,100.5792,11.26,91,72,4.63,RU,1731267593
180,red hill,33.9996,-79.2581,74.08,66,100,10.07,US,1731267594
181,constantia,44.1833,28.65,43.48,82,99,12.57,RO,1731267595
182,daru,-9.0763,143.2092,78.91,83,100,11.74,PG,1731267596
183,puerto deseado,-47.7503,-65.8938,62.94,27,80,10.47,AR,1731267597
184,longyearbyen,78.2186,15.6401,26.44,86,75,0.0,SJ,1731267598
185,ocean city,39.2776,-74.5746,61.0,72,100,5.99,US,1731267599
186,letlhakane,-21.4167,25.5833,77.11,55,100,10.16,BW,1731267600
187,port elizabeth,-33.918,25.5701,61.32,91,20,4.61,ZA,1731267601
188,lihue,21.9789,-159.3672,76.59,89,75,14.97,US,1731267602
189,sangkhla buri,15.1555,98.4536,68.76,93,31,1.61,TH,1731267603
190,port isabel,26.0734,-97.2086,88.03,65,0,13.8,US,1731267360
191,nemuro,43.3236,145.575,53.31,81,100,19.64,JP,1731267605
192,sumenep,-7.0167,113.8667,81.75,76,37,7.09,ID,1731267606
193,dedougou,12.4667,-3.4667,80.38,23,4,6.26,BF,1731267608
194,talnakh,69.4865,88.3972,-11.2,91,55,3.29,RU,1731267609
195,las vegas,36.175,-115.1372,67.68,22,0,5.75,US,1731267610
196,ust-nera,64.5667,143.2,-14.8,99,91,3.29,RU,1731267611
197,banda aceh,5.5577,95.3222,79.68,76,100,3.51,ID,1731267612
198,doka,13.5167,35.7667,83.57,34,28,2.66,SD,1731267613
199,smithers,54.7804,-127.1743,30.52,93,100,2.3,CA,1731267614
200,colac,-38.3333,143.5833,47.21,92,5,5.06,AU,1731267615
201,cooper's town,26.8667,-77.5167,77.09,83,82,21.59,BS,1731267616
202,ar ruways,24.1103,52.7306,76.48,58,6,3.24,AE,1731267617
203,petropavlovsk-kamchatsky,53.0452,158.6483,21.79,80,100,2.24,RU,1731267618
204,zhezqazghan,47.7833,67.7667,35.06,97,100,19.28,KZ,1731267619
205,howrah,22.5892,88.3103,75.2,83,0,4.61,IN,1731267620
206,mil'kovo,55.6078,37.7956,38.34,53,25,3.44,RU,1731267621
207,general villegas,-35.0328,-63.0125,59.2,69,100,25.84,AR,1731267622
208,hampton bays,40.869,-72.5176,59.04,60,0,10.36,US,1731267623
209,walvis bay,-22.9575,14.5053,59.07,80,7,13.98,NA,1731267624
210,hadibu,12.65,54.0333,78.78,78,67,9.98,YE,1731267625
211,bikenibeu village,1.3673,173.1241,82.36,89,75,9.22,KI,1731267627
212,hermanus,-34.4187,19.2345,56.8,79,100,11.14,ZA,1731267628
213,djamaa,33.5339,5.9931,71.47,44,0,10.49,DZ,1731267629
214,fonte boa,-2.4959,-66.2662,81.25,82,100,3.4,BR,1731267630
215,kupang,-10.1667,123.5833,77.34,72,100,2.68,ID,1731267631
216,cefalu,38.0386,14.0229,60.75,83,100,6.04,IT,1731267632
217,tannum sands,-23.9504,151.3693,78.75,78,20,5.75,AU,1731267633
218,asau,46.4333,26.4,38.95,100,29,4.14,RO,1731267634
219,bodo,67.28,14.405,37.44,75,0,10.36,NO,1731267635
220,atafu village,-8.5421,-172.5159,83.19,69,73,11.16,TK,1731267636
221,la possession,-20.9289,55.3351,76.95,92,20,14.97,RE,1731267637
222,orchard mesa,39.043,-108.5523,53.08,49,0,1.99,US,1731267638
223,esquel,-42.9,-71.3167,45.88,76,100,12.59,AR,1731267639
224,saint-pierre,-21.3393,55.4781,76.68,69,0,3.44,RE,1731267640
225,chibougamau,49.9168,-74.3659,37.02,81,100,5.75,CA,1731267642
226,lagoa formosa,-18.7786,-46.4075,78.15,71,49,5.37,BR,1731267643
227,lebu,-37.6167,-73.65,57.31,69,0,10.56,CL,1731267644
228,nuku'alofa,-21.1333,-175.2,75.54,88,75,9.22,TO,1731267645
229,flin flon,54.7682,-101.865,37.24,81,100,4.61,CA,1731267646
230,opuwo,-18.0607,13.84,72.81,33,50,12.71,NA,1731267647
231,kayyerkan,69.3786,87.7439,-7.64,92,80,4.5,RU,1731267648
232,karratha,-20.7377,116.8463,78.98,45,39,10.96,AU,1731267649
233,kamaishi,39.2667,141.8833,53.69,74,98,4.83,JP,1731267650
234,magdagachi,53.45,125.8,5.76,88,17,4.56,RU,1731267651
235,nanao,37.05,136.9667,57.27,74,100,1.54,JP,1731267652
236,forest city,28.6668,-81.4433,86.2,72,65,3.0,US,1731267653
237,zhumysker,49.3333,49.4,34.99,86,6,7.02,KZ,1731267654
238,fada,7.25,4.0667,79.47,69,20,2.3,NG,1731267655
239,hovd,48.0056,91.6419,25.61,42,57,7.99,MN,1731267656
240,puerto baquerizo moreno,-0.9,-89.6,77.99,61,20,11.5,EC,1731267610
241,merizo village,13.2658,144.6691,80.38,91,99,17.36,GU,1731267658
242,nuevo arraijan,8.9167,-79.7167,84.15,74,40,14.97,PA,1731267659
243,el fasher,13.6279,25.3494,80.29,19,100,13.22,SD,1731267660
244,coquimbo,-29.9533,-71.3436,65.93,67,0,12.66,CL,1731267661
245,dombarovskiy,50.7587,59.5386,32.22,94,98,17.45,RU,1731267662
246,fairfax,38.8501,-77.3497,61.09,45,75,11.5,US,1731267663
247,mangrol,21.1167,70.1167,80.22,61,0,8.48,IN,1731267664
248,salekhard,66.53,66.6019,0.64,87,19,8.68,RU,1731267665
249,bumba,2.1833,22.4667,70.0,93,98,1.66,CD,1731267666
250,bamyan,34.75,67.25,35.87,58,13,5.35,AF,1731267667
251,acapulco de juarez,16.8634,-99.8901,85.82,74,75,8.05,MX,1731267582
252,stephenville,32.2207,-98.2023,78.93,36,0,5.01,US,1731267669
253,kendari,-3.945,122.4989,75.38,95,42,1.03,ID,1731267670
254,aripuana,-9.1667,-60.6333,84.6,64,100,3.87,BR,1731267671
255,ta`u,-14.2336,-169.5144,80.94,82,99,17.83,AS,1731267672
256,balykshi,47.0667,51.8667,39.2,93,75,6.71,KZ,1731267673
257,chonchi,-42.6128,-73.8092,54.12,82,28,9.46,CL,1731267675
258,kirakira,-10.4544,161.9205,80.26,84,100,7.14,SB,1731267676
259,ouesso,1.6136,16.0517,70.09,90,74,1.92,CG,1731267677
260,salida,37.7058,-121.0849,67.08,37,10,1.95,US,1731267678
261,villa gesell,-37.2639,-56.973,65.93,82,100,16.02,AR,1731267679
262,yarmouth,41.7057,-70.2286,57.0,57,0,18.41,US,1731267622
263,selfoss,63.9331,-20.9971,43.05,75,100,24.16,IS,1731267681
264,birao,10.2849,22.7882,79.27,27,100,5.5,CF,1731267682
265,xapuri,-10.6517,-68.5044,91.44,44,100,1.01,BR,1731267683
266,tazovsky,67.4667,78.7,12.78,92,100,17.05,RU,1731267538
267,yuzhno-kurilsk,44.0306,145.8556,50.43,81,100,16.06,RU,1731267685
268,pyhajarvi,67.0701,27.2176,25.11,98,28,2.84,FI,1731267687
269,porto novo,6.4965,2.6036,82.22,80,64,5.82,BJ,1731267688
270,kristiansund,63.1115,7.732,43.12,87,0,6.91,NO,1731267689
271,mantua,45.1667,10.7833,47.01,93,0,2.26,IT,1731267690
272,kununurra,-15.7667,128.7333,82.38,83,97,0.0,AU,1731267691
273,katabu,-4.9333,122.5167,75.24,95,22,3.13,ID,1731267692
274,kodiak,57.79,-152.4072,38.71,87,100,19.57,US,1731267693
275,usogorsk,63.4106,48.6872,23.79,93,64,2.42,RU,1731267694
276,alofi,-19.0595,-169.9187,76.89,78,75,14.97,NU,1731267695
277,kerema,-7.9631,145.7785,76.71,92,94,4.61,PG,1731267696
278,kapuskasing,49.4169,-82.4331,44.69,81,100,6.91,CA,1731267697
279,mananara,-16.1667,49.7667,76.28,93,64,1.95,MG,1731267698
280,shimoda,34.6667,138.95,63.07,94,100,11.56,JP,1731267699
281,chabahar,25.2919,60.643,81.07,67,0,7.92,IR,1731267700
282,tanout,14.9709,8.8879,73.92,20,3,10.0,NE,1731267701
283,st. john's,47.5649,-52.7093,37.98,58,20,31.07,CA,1731267702
284,dompu,-8.5356,118.4622,75.85,95,9,1.23,ID,1731267703
285,alice springs,-23.7,133.8833,65.75,88,100,8.05,AU,1731267704
286,quellon,-43.1167,-73.6167,51.04,67,22,12.82,CL,1731267705
287,timimoun,29.2639,0.231,74.59,31,3,14.38,DZ,1731267706
288,zhigalovo,54.8097,105.1578,16.23,84,17,2.57,RU,1731267707
289,puerto armuelles,8.2833,-82.8667,75.09,92,100,4.0,PA,1731267709
290,binzhou,37.3667,118.0167,57.61,80,100,3.29,CN,1731267710
291,inhambane,-23.865,35.3833,76.3,84,99,12.82,MZ,1731267711
292,lompoc,34.6391,-120.4579,73.13,50,0,6.91,US,1731267712
293,itoman,26.1247,127.6694,76.08,89,83,7.2,JP,1731267713
294,el calafate,-50.3408,-72.2768,51.75,54,57,13.44,AR,1731267667
295,champerico,14.3,-91.9167,83.32,72,2,5.97,GT,1731267715
296,lermontov,44.1067,42.9733,35.02,100,100,4.47,RU,1731267716
297,midelt,32.6852,-4.7451,58.15,50,58,5.28,MA,1731267696
298,dwarka,22.2394,68.9678,81.36,68,0,13.71,IN,1731267718
299,pimentel,-6.8367,-79.9342,73.69,60,75,10.36,PE,1731267719
300,kapa'a,22.0752,-159.319,77.32,89,75,14.97,US,1731267720
301,ebon,4.582,168.6964,82.63,79,100,14.72,MH,1731267721
302,lalsot,26.5667,76.3333,72.66,31,0,5.82,IN,1731267722
303,ouro preto do oeste,-10.7481,-62.2158,85.73,64,100,4.56,BR,1731267723
304,linden,6.0,-58.3,86.13,59,100,6.31,GY,1731267638
305,ancud,-41.8697,-73.8203,50.58,79,71,16.35,CL,1731267725
306,puerto santa,-8.9906,-78.6456,68.81,75,63,10.8,PE,1731267726
307,machico,32.7,-16.7667,70.43,88,40,11.5,PT,1731267727
308,vikulovo,56.8167,70.6107,18.86,87,100,12.86,RU,1731267728
309,san antonio de pale,-1.4014,5.6325,79.0,83,86,7.2,GQ,1731267626
310,tarawa,1.419,172.984,82.49,89,75,9.22,KI,1731267730
311,sawakin,19.1059,37.3321,85.5,73,69,6.69,SD,1731267732
312,shahada,21.55,74.4667,75.67,40,0,2.24,IN,1731267733
313,new norfolk,-42.7826,147.0587,45.72,86,11,2.57,AU,1731267734
314,jeddah,21.5169,39.2192,85.86,58,0,5.75,SA,1731267735
315,esfarayen,37.0765,57.5101,48.42,53,0,1.99,IR,1731267736
316,plettenberg bay,-34.0527,23.3716,59.11,86,32,5.55,ZA,1731267737
317,juhaynah,26.6732,31.4976,67.91,40,0,6.4,EG,1731267738
318,tual,-5.6667,132.75,82.76,79,94,12.66,ID,1731267739
319,kurchum,48.5722,83.6542,32.97,100,100,15.17,KZ,1731267740
320,mount isa,-20.7333,139.5,89.37,22,72,14.97,AU,1731267668
321,pangkalanbuun,-2.6833,111.6167,73.4,100,100,2.1,ID,1731267743
322,el obeid,13.1842,30.2167,79.68,23,31,12.97,SD,1731267744
323,lazaro cardenas,17.9583,-102.2,85.14,68,68,9.04,MX,1731267659
324,obihiro,42.9172,143.2044,44.06,87,87,0.83,JP,1731267746
325,sabang,5.8933,95.3214,82.33,76,100,5.32,ID,1731267747
326,faya-largeau,17.9257,19.1043,73.13,27,59,14.56,TD,1731267748
327,umm kaddadah,13.6017,26.6876,80.02,18,75,14.03,SD,1731267749
328,devils lake,48.1128,-98.8651,51.78,72,0,17.27,US,1731267750
329,pontianak,-0.0333,109.3333,75.18,100,40,2.3,ID,1731267751
330,nieves,15.3274,120.9485,75.38,96,100,1.45,PH,1731267752
331,newman,37.3138,-121.0208,65.03,41,42,1.99,US,1731267688
332,zaozersk,69.4005,32.4476,35.24,84,96,7.45,RU,1731267754
333,novoazovs'k,47.1139,38.086,44.85,66,0,10.74,UA,1731267755
334,avarua,-21.2078,-159.775,75.25,64,40,11.5,CK,1731267551
335,carnarvon,-24.8667,113.6333,68.05,70,45,25.39,AU,1731267757
336,bairnsdale,-37.8333,147.6167,50.05,96,10,4.07,AU,1731267758
337,camacupa,-12.0167,17.4833,63.68,95,100,2.66,AO,1731267759
338,tsiombe,-25.3,45.4833,73.53,82,51,5.32,MG,1731267760
339,margate,51.3813,1.3862,50.88,85,96,9.13,GB,1731267761
340,minas de marcona,-15.2119,-75.1103,67.14,59,10,12.28,PE,1731267762
341,masterton,-40.9597,175.6575,56.71,61,100,5.75,NZ,1731267763
342,birjand,32.8663,59.2211,46.87,39,0,6.91,IR,1731267764
343,vorgashor,67.5833,63.95,2.71,98,78,8.57,RU,1731267765
344,freetown,8.484,-13.2299,83.91,74,40,5.75,SL,1731267766
345,namdrik,5.5994,168.1028,82.65,78,100,13.0,MH,1731267768
346,luderitz,-26.6481,15.1594,61.48,72,0,19.6,NA,1731267541
347,bu'aale,1.0833,42.5833,76.24,91,82,4.36,SO,1731267770
348,ilo,-17.6394,-71.3375,65.68,82,43,7.27,PE,1731267771
349,dalandzadgad,43.5708,104.425,36.25,25,1,16.53,MN,1731267772
350,antofagasta,-23.65,-70.4,67.28,74,5,8.88,CL,1731267623
351,laiyang,36.9758,120.7136,53.78,89,99,1.57,CN,1731267774
352,horta,38.5333,-28.6333,68.02,90,40,18.41,PT,1731267775
353,vadso,70.0744,29.7487,39.36,87,100,8.05,NO,1731267776
354,tromso,69.6496,18.957,41.02,75,75,9.22,NO,1731267646
355,madimba,-10.4,40.3333,79.92,83,20,4.61,TZ,1731267778
356,miri,4.4148,114.0089,77.14,100,40,0.0,MY,1731267739
357,zlatoust,55.1711,59.6508,12.43,90,100,10.0,RU,1731267780
358,bhamo,24.2667,97.2333,70.03,84,96,0.76,MM,1731267781
359,xichang,27.8964,102.2634,50.83,91,0,1.25,CN,1731267782
360,itamarandiba,-17.8572,-42.8589,68.7,96,89,4.12,BR,1731267783
361,bouar,5.934,15.596,67.66,57,12,3.83,CF,1731267784
362,suva,-18.1416,178.4415,76.48,100,75,4.61,FJ,1731267508
363,kenora,49.8167,-94.4337,45.57,93,100,9.22,CA,1731267698
364,luwuk,-0.9516,122.7875,73.33,86,26,2.77,ID,1731267787
365,mermoz boabab,14.7065,-17.4758,82.18,65,0,6.91,SN,1731267788
366,hilo,19.7297,-155.09,77.11,82,100,4.61,US,1731267789
367,mahalapye,-23.1041,26.8142,72.55,73,100,8.81,BW,1731267790
368,nyala,12.05,24.8833,78.58,20,99,11.34,SD,1731267791
369,flying fish cove,-10.4217,105.6791,78.48,94,100,8.05,CX,1731267792
370,eyl,7.9803,49.8164,80.29,76,100,18.52,SO,1731267793
371,oban,56.4127,-5.4706,47.32,79,9,6.6,GB,1731267794
372,gualaceo,-2.9,-78.7833,76.66,80,100,4.54,EC,1731267797
373,chodavaram,17.8333,82.95,70.86,71,100,3.6,IN,1731267798
374,hotan,37.0997,79.9269,49.01,39,59,3.11,CN,1731267799
375,severo-yeniseyskiy,60.3725,93.0408,17.42,87,100,6.64,RU,1731267800
376,liman,48.9884,37.8023,41.68,84,53,3.76,UA,1731267801
377,huarmey,-10.0681,-78.1522,71.24,71,19,11.03,PE,1731267802
378,nampula,-15.1165,39.2666,78.75,73,0,11.5,MZ,1731267803
379,big bend,-26.8167,31.9333,71.69,94,100,8.05,SZ,1731267804
380,lalmonirhat,25.9124,89.4473,69.75,78,0,5.41,BD,1731267805
381,rumoi,43.9344,141.6428,51.55,80,100,18.75,JP,1731267806
382,gobabis,-22.45,18.9667,77.94,35,96,5.06,NA,1731267807
383,inongo,-1.95,18.2667,70.77,83,83,3.67,CD,1731267808
384,rio verde de mato grosso,-18.9181,-54.8442,92.8,34,0,3.78,BR,1731267809
385,santo antonio,-6.3106,-35.4789,80.11,59,100,13.38,BR,1731267810
386,tolanaro,-25.0319,46.9987,77.07,78,0,19.57,MG,1731267811
387,i-n-salah,27.1935,2.4607,76.21,26,100,2.44,DZ,1731267812
388,northam,51.0333,-4.2167,56.61,94,72,2.73,GB,1731267813
389,talavera de la reina,39.9635,-4.8308,56.01,73,14,1.92,ES,1731267814
390,rubtsovsk,51.5,81.25,33.12,97,100,20.45,RU,1731267815
391,thinadhoo,0.5333,72.9333,82.4,72,94,12.95,MV,1731267816
392,hukumati azrah,34.1736,69.6457,38.98,54,0,3.53,AF,1731267817
393,dryden,49.7833,-92.7503,43.09,100,100,6.91,CA,1731267659
394,la cruz,23.9167,-106.9,82.22,52,0,9.37,MX,1731267819
395,san luis,-33.295,-66.3356,67.35,76,99,19.91,AR,1731267623
396,garachico,28.7781,-17.7646,69.91,73,0,6.91,ES,1731267821
397,tahe,52.3333,124.7333,0.9,97,30,3.15,CN,1731267822
398,praia da vitoria,38.7333,-27.0667,68.25,88,40,13.06,PT,1731267823
399,arteche,12.2645,125.4048,77.88,91,68,6.76,PH,1731267824
400,amos,48.5669,-78.1162,42.76,75,100,5.3,CA,1731267825
401,sinabang,2.4803,96.3801,79.39,86,100,1.45,ID,1731267826
402,vallegrande,-18.4897,-64.1069,77.54,40,1,13.44,BO,1731267827
403,nuuk,64.1835,-51.7216,27.21,86,100,8.05,GL,1731267828
404,mwene-ditu,-7.0,23.45,64.42,98,100,2.75,CD,1731267830
405,al wajh,26.2455,36.4525,78.75,41,0,8.05,SA,1731267831
406,kawanoecho,34.0167,133.5667,61.36,90,100,3.33,JP,1731267832
407,miguel auza,24.2933,-103.4503,80.15,16,0,3.98,MX,1731267833
408,manda,-10.4667,34.5833,79.79,67,5,5.57,TZ,1731267834
409,magadan,59.5667,150.8,13.17,64,100,16.28,RU,1731267835
410,sao joao da barra,-21.6403,-41.0511,77.09,70,65,13.38,BR,1731267836
411,kittila,67.6647,24.8936,24.62,93,0,3.44,FI,1731267837
412,el bauga,18.262,33.9081,83.39,32,82,20.18,SD,1731267838
413,serhiyivka,46.0272,30.3768,49.41,67,95,12.26,UA,1731267839
414,guarapari,-20.6667,-40.4975,72.66,74,96,10.2,BR,1731267840
415,pacasmayo,-7.4006,-79.5714,69.93,71,52,13.87,PE,1731267842
416,road town,18.4167,-64.6167,82.44,83,40,9.22,VG,1731267844
417,miquelon,47.0975,-56.3814,41.31,60,6,29.55,PM,1731267845
418,rio grande,-32.035,-52.0986,71.02,67,0,13.94,BR,1731267738
419,pariyapuram,10.9561,76.1916,70.45,96,13,1.32,IN,1731267847
420,nogliki,51.8333,143.1667,31.46,72,96,24.72,RU,1731267849
421,san patricio,28.017,-97.5169,89.55,56,20,7.45,US,1731267850
422,al jawf,29.5,38.75,71.8,36,0,8.16,SA,1731267851
423,sandnessjoen,66.0217,12.6316,41.11,93,75,4.61,NO,1731267852
424,rio ceballos,-31.1649,-64.3224,90.48,28,43,8.48,AR,1731267853
425,kolonia town,6.964,158.206,77.0,94,100,3.44,FM,1731267854
426,natal,-5.795,-35.2094,83.05,65,20,18.41,BR,1731267855
427,ulsteinvik,62.3432,5.8487,42.93,72,99,6.69,NO,1731267856
428,bandarbeyla,9.4942,50.8122,79.48,77,62,18.41,SO,1731267858
429,praya,14.9215,-23.5087,81.14,61,40,12.66,CV,1731267859
430,fort bragg,35.139,-79.006,68.81,66,100,4.61,US,1731267860
431,gufeng,26.9083,118.9819,62.31,99,100,2.1,CN,1731267861
432,burabay,53.0838,70.3138,23.72,95,100,7.74,KZ,1731267862
433,argo,37.6333,22.7333,50.14,74,0,5.99,GR,1731267797
434,bukoba,-1.3317,31.8122,71.58,78,75,0.0,TZ,1731267864
435,west richland,46.3043,-119.3614,47.39,84,100,0.0,US,1731267865
436,coahuayana de hidalgo,18.7,-103.6583,88.56,59,21,7.07,MX,1731267866
437,nova vicosa,-17.8919,-39.3719,76.32,80,92,14.41,BR,1731267867
438,sao gabriel da cachoeira,-0.1303,-67.0892,84.0,70,40,3.44,BR,1731267868
439,uthal,25.8072,66.6219,78.53,75,0,3.94,PK,1731267869
440,ishigaki,24.3448,124.1572,75.33,88,20,8.05,JP,1731267870
441,kavaratti,10.5669,72.642,82.58,70,100,5.44,IN,1731267871
442,antsohihy,-14.8796,47.9875,79.93,80,0,1.97,MG,1731267872
443,saudarkrokur,65.7461,-19.6394,40.28,94,100,13.6,IS,1731267873
444,pandan,14.0453,124.1694,79.29,86,100,7.23,PH,1731267874
445,buka,40.8108,69.1986,47.03,58,2,4.92,UZ,1731267875
446,kotel'nich,58.3089,48.348,28.45,84,100,7.45,RU,1731267876
447,tinajo,29.0788,-13.7081,76.08,44,0,19.57,ES,1731267877
448,kabalo,-6.05,26.9167,69.48,96,99,4.85,CD,1731267878
449,sandakan,5.8402,118.1179,77.04,91,100,4.03,MY,1731267672
450,dalnegorsk,44.5604,135.5701,26.06,79,3,6.29,RU,1731267881
451,rabaul,-4.1967,152.1721,79.88,79,100,0.87,PG,1731267882
452,igarka,67.4667,86.5833,10.83,93,100,10.2,RU,1731267883
453,pacocha,-17.5833,-71.3333,66.96,77,30,7.27,PE,1731267884
454,mankivka,48.9637,30.3339,37.24,78,7,5.61,UA,1731267886
455,castillos,-34.1667,-53.8333,72.25,57,4,8.32,UY,1731267887
456,shanwei,22.782,115.3475,73.2,67,52,6.58,CN,1731267888
457,bechar,31.6167,-2.2167,66.52,37,0,4.61,DZ,1731267890
458,chalus,36.655,51.4204,56.66,88,75,2.3,IR,1731267891
459,fale old settlement,-9.3852,-171.2468,81.99,77,98,12.3,TK,1731267597
460,bardai,11.65,7.2333,71.13,29,64,7.11,NG,1731267893
461,suez,29.9737,32.5263,65.7,42,0,5.64,EG,1731267894
462,brookings,44.3114,-96.7984,52.18,81,75,16.11,US,1731267811
463,hammerfest,70.6634,23.6821,46.85,76,75,12.66,NO,1731267897
464,amga,60.8953,131.9608,3.34,98,99,2.3,RU,1731267898
465,gizo,-8.103,156.8419,81.75,76,18,5.3,SB,1731267899
466,aitape,-3.1374,142.3475,76.06,93,89,5.01,PG,1731267900
467,turpan,42.9333,89.1667,46.98,50,1,1.3,CN,1731267901
468,moab,38.5733,-109.5498,58.5,53,1,2.48,US,1731267902
469,chhagalnaiya,23.03,91.5069,69.57,88,0,2.86,BD,1731267903
470,mbarara,-0.608,30.65,61.79,92,89,3.18,UG,1731267904
471,mutare,-18.9707,32.6709,68.94,44,1,5.1,ZW,1731267905
472,demyansk,57.643,32.466,31.78,93,26,2.26,RU,1731267906
473,mitsamiouli,-11.3847,43.2844,79.47,77,11,4.63,KM,1731267907
474,kemijarvi,66.7131,27.4306,26.91,99,60,4.7,FI,1731267908
475,baley,51.6,116.6333,18.5,94,100,3.22,RU,1731267910
476,ibarreta,-25.2144,-59.8585,101.37,17,0,9.89,AR,1731267911
477,bride,54.3826,-4.3892,51.3,80,68,14.61,IM,1731267914
478,whistler,50.1164,-122.9695,38.43,100,100,0.0,CA,1731267915
479,port douglas,-16.4833,145.4667,77.18,83,88,12.03,AU,1731267916
480,bandon,51.7469,-8.7425,53.19,77,75,11.56,IE,1731267917
481,havre,49.5833,0.3333,51.57,93,100,0.0,FR,1731267918
482,cururupu,-1.8283,-44.8683,83.12,64,0,5.53,BR,1731267919
483,amaigbo,5.7892,7.8383,76.44,82,89,3.49,NG,1731267920
484,ghanzi,-21.5667,21.7833,72.14,68,100,2.93,BW,1731267921
485,bahir dar,11.5936,37.3908,61.75,81,25,2.01,ET,1731267922
486,boguchany,58.3814,97.4531,25.36,92,100,9.35,RU,1731267923
487,kaa-khem,51.6833,94.7333,27.86,43,100,4.05,RU,1731267924
488,kapren,25.4167,76.0667,74.88,34,0,2.42,IN,1731267925
489,abashiri,44.0213,144.2697,49.98,78,100,16.69,JP,1731267926
490,porangatu,-13.4408,-49.1486,84.2,69,33,3.06,BR,1731267839
491,alliance,40.9153,-81.1059,54.64,96,100,14.56,US,1731267722
492,broadstairs,51.3591,1.4394,50.77,85,91,8.97,GB,1731267929
493,borzya,50.3833,116.5167,24.46,77,100,9.89,RU,1731267930
494,uliastay,47.7417,96.8444,12.79,70,59,7.38,MN,1731267931
495,arno,60.1167,18.6333,42.73,85,100,6.24,SE,1731267932
496,camabatela,-8.1881,15.375,63.97,99,100,1.54,AO,1731267933
497,orsk,51.2049,58.5668,34.7,93,0,15.66,RU,1731267934
498,malango,-2.9627,119.9001,65.16,98,33,2.57,ID,1731267937
499,baissa,7.2333,10.6333,74.3,61,1,1.83,NG,1731267938
500,bereket,39.2446,55.5154,54.09,49,0,5.48,TM,1731267939
501,rongelap,11.1635,166.8941,82.08,80,74,21.03,MH,1731267940
502,leava,-14.3,-178.1667,80.94,83,99,17.58,WF,1731267942
503,tidjikja,18.5564,-11.4271,77.65,13,63,10.11,MR,1731267943
504,fang,19.9169,99.2145,67.44,95,23,1.45,TH,1731267944
505,vanimo,-2.6741,141.3028,77.27,92,58,4.07,PG,1731267946
506,vilyuchinsk,52.9306,158.4028,23.27,78,100,1.81,RU,1731267947
507,vrangel',42.7297,133.0839,41.23,68,0,10.25,RU,1731267948
508,novaya igirma,57.1334,103.9112,12.85,95,35,3.36,RU,1731267949
509,mulayjah,27.271,48.4242,73.8,39,63,3.44,SA,1731267950
510,ketchikan,55.3422,-131.6461,41.47,81,100,17.27,US,1731267951
511,panadura,6.7132,79.9026,76.69,86,97,11.5,LK,1731267952
512,tarifa,36.0139,-5.607,67.98,77,65,6.8,ES,1731267953
513,prince rupert,54.3161,-130.3201,44.69,78,100,35.68,CA,1731267954
514,monrovia,6.3005,-10.7969,79.72,83,16,9.1,LR,1731267955
515,wynyard,-41.0,145.7167,42.42,97,20,4.97,AU,1731267956
516,assab,13.0092,42.7394,82.29,70,0,22.88,ER,1731267957
517,petropavlivka,48.4564,36.4367,39.24,79,1,6.51,UA,1731267958
518,puerto real,36.5282,-6.1901,67.24,59,0,6.91,ES,1731267959
519,isiro,2.7739,27.616,66.09,99,100,1.39,CD,1731267961
520,bubaque,11.2833,-15.8333,85.51,59,0,5.93,GW,1731267962
521,codrington,-38.2667,141.9667,45.03,93,5,7.23,AU,1731267963
522,verkhnevilyuysk,63.4453,120.3167,10.27,95,100,5.32,RU,1731267965
523,yekaterinoslavka,50.3734,129.1139,20.19,72,0,10.54,RU,1731267966
524,regina,50.4501,-104.6178,39.31,90,100,20.71,CA,1731267804
525,felipe carrillo puerto,19.5833,-88.05,80.24,93,90,3.51,MX,1731267968
526,broome,42.2506,-75.833,53.98,57,75,10.0,US,1731267969
527,adrar,20.5022,-10.0711,77.09,14,1,9.17,MR,1731267970
528,nguigmi,14.2495,13.1092,77.59,25,100,8.93,NE,1731267971
529,puerto el triunfo,13.2833,-88.55,82.99,73,100,7.58,SV,1731267972
530,gadani,25.1185,66.7299,80.92,72,0,9.48,PK,1731267973
531,karlskoga,59.3267,14.5239,43.18,72,100,5.1,SE,1731267974
532,puerto colombia,10.9878,-74.9547,84.29,81,42,13.85,CO,1731267975
533,palmer,42.1584,-72.3287,57.54,37,75,18.41,US,1731267976
534,gornozavodsk,58.3758,58.3211,19.0,93,100,7.9,RU,1731267978
535,mrakovo,52.7161,56.6244,13.33,97,7,5.03,RU,1731267785
536,yemva,62.59,50.8594,23.63,92,33,5.73,RU,1731267980
537,corumba,-19.0092,-57.6533,96.71,30,0,4.61,BR,1731267876
538,port saint john's,-31.6229,29.5448,64.65,92,100,0.92,ZA,1731267692
539,gornyatskiy,48.2915,40.9575,40.26,87,70,5.08,RU,1731267983
540,mahdia,35.5047,11.0622,68.65,69,99,2.95,TN,1731267984
541,malpe,13.35,74.7167,75.29,83,100,3.56,IN,1731267985
542,pangody,65.85,74.4859,13.82,93,100,22.41,RU,1731267986
543,baruun-urt,46.6806,113.2792,30.42,59,70,11.83,MN,1731267987
544,alchevs'k,48.4689,38.8167,37.69,92,10,3.74,UA,1731267988
545,south grafton,-29.7,152.95,68.47,96,100,0.81,AU,1731267989
546,kismayo,-0.3582,42.5454,79.74,84,98,9.91,SO,1731267990
547,hit,33.6416,42.8251,68.76,49,99,3.29,IQ,1731267991
548,nova sintra,14.8667,-24.7167,80.28,74,87,16.28,CV,1731267992
549,sadovoye,47.7764,44.5089,42.12,86,68,5.68,RU,1731267993
550,vodnyy,63.5046,53.4095,20.21,91,23,7.36,RU,1731267994
551,adi keyh,14.8444,39.3772,60.98,67,6,2.55,ER,1731267995
552,tralee,52.2704,-9.7026,46.35,92,81,2.17,IE,1731267996
553,cabo san lucas,22.8909,-109.9124,82.76,58,0,4.61,MX,1731267824
554,maragogi,-9.0122,-35.2225,78.78,73,9,13.06,BR,1731267999
555,maintirano,-18.0667,44.0167,79.54,75,0,6.98,MG,1731268000
556,awjilah,29.1081,21.2869,65.86,48,25,4.52,LY,1731268001
557,tamandare,-8.7597,-35.1047,78.82,72,8,12.28,BR,1731268002
558,karlskrona,56.1616,15.5866,43.25,75,95,9.22,SE,1731268003
559,antsiranana,-12.2787,49.2917,78.39,83,59,11.56,MG,1731268004
560,sibay,52.7181,58.6658,18.7,87,0,5.73,RU,1731268005
561,vitez,44.1544,17.7903,36.21,77,6,2.55,BA,1731268006
562,trelew,-43.249,-65.3051,71.87,12,20,10.36,AR,1731267723
563,okha,53.5739,142.9478,33.33,97,100,29.55,RU,1731268008
564,cookeville,36.1628,-85.5016,69.51,74,75,10.36,US,1731267862
565,raychikhinsk,49.7838,129.4121,21.96,61,0,11.41,RU,1731268010
566,revda,56.801,59.9303,18.07,90,100,10.38,RU,1731268011
567,iisalmi,63.5592,27.1907,30.74,87,100,3.8,FI,1731268012
568,lerwick,60.1545,-1.1494,49.32,76,99,17.81,GB,1731268013
569,norrtalje,59.758,18.705,43.02,86,100,4.27,SE,1731268014
570,torghay,49.6339,63.4981,34.29,94,100,14.54,KZ,1731268015
571,shindand,33.3029,62.1474,54.14,45,0,4.83,AF,1731268016
572,alotau,-10.3069,150.4462,76.03,95,100,3.18,PG,1731268017
